
-- phpMyAdmin SQL Dump
-- version 3.5.2.2
-- http://www.phpmyadmin.net
--
-- 主机: localhost
-- 生成日期: 2015 年 06 月 14 日 12:50
-- 服务器版本: 10.0.12-MariaDB
-- PHP 版本: 5.2.17

SET SQL_MODE="NO_AUTO_VALUE_ON_ZERO";
SET time_zone = "+00:00";


/*!40101 SET @OLD_CHARACTER_SET_CLIENT=@@CHARACTER_SET_CLIENT */;
/*!40101 SET @OLD_CHARACTER_SET_RESULTS=@@CHARACTER_SET_RESULTS */;
/*!40101 SET @OLD_COLLATION_CONNECTION=@@COLLATION_CONNECTION */;
/*!40101 SET NAMES utf8 */;

--
-- 数据库: `u514530954_final`
--

-- --------------------------------------------------------

--
-- 表的结构 `bottle`
--

CREATE TABLE IF NOT EXISTS `bottle` (
  `bottleid` int(11) NOT NULL AUTO_INCREMENT,
  `userid` int(11) NOT NULL,
  `type` int(11) NOT NULL,
  `content` text CHARACTER SET utf8 NOT NULL,
  `time` timestamp NOT NULL DEFAULT CURRENT_TIMESTAMP,
  PRIMARY KEY (`bottleid`)
) ENGINE=MyISAM  DEFAULT CHARSET=latin1 AUTO_INCREMENT=67 ;

--
-- 转存表中的数据 `bottle`
--

INSERT INTO `bottle` (`bottleid`, `userid`, `type`, `content`, `time`) VALUES
(42, 11, 1, '好想去瑞典玩喔~~~~\r\n感覺瑞典的風景很美麗兒~', '2015-06-08 23:17:55'),
(40, 11, 1, '今天在資電館寫WEB作業\r\n現在是早上7點鐘喔!!!!\r\n希望DEMO可以成功 &gt;//////&lt;', '2015-06-08 23:15:45'),
(39, 11, 1, '今天很努力的寫WEB作業\r\n現在是早上7點整~~~~~\r\n希望DEMO可以成功 &gt;/////&lt;', '2015-06-08 23:14:14'),
(38, 10, 3, 'Aaaa Geo', '2015-06-08 23:13:09'),
(14, 2, 3, '幹好麻煩的作業', '2015-06-08 15:46:39'),
(53, 18, 3, '好想吃飯喔&gt; &lt;', '2015-06-09 17:48:59'),
(52, 2, 1, '室友3天沒洗澡 超噁= =', '2015-06-09 17:05:53'),
(18, 11, 1, 'Hi Hi 我是 Joanne~\r\n現在在寫WEB Project喔喔喔喔喔喔喔喔 >______< ', '2015-06-08 16:04:17'),
(19, 11, 1, '希望可以在地圖上看到瓶子~~', '2015-06-08 16:14:43'),
(20, 11, 3, '阿~~~~~~~~~~~~~~~~~', '2015-06-08 16:17:43'),
(21, 11, 3, 'GOGO show me bottles~~~', '2015-06-08 16:23:41'),
(22, 11, 3, 'BOTTLE!!!', '2015-06-08 16:25:25'),
(23, 10, 2, 'Finally~~~~', '2015-06-08 16:27:08'),
(24, 11, 3, '奇怪的地方呵呵', '2015-06-08 16:27:41'),
(25, 9, 3, '1111111111111111111111111111111111111111111111111111111111111111111111111111', '2015-06-08 17:10:48'),
(26, 11, 2, 'line 26', '2015-06-08 18:22:11'),
(27, 2, 1, 'Fuck', '2015-06-08 19:00:52'),
(28, 2, 2, '有一天\n有一隻山羊\n遇到了一隻母山羊\n\n<待續...>', '2015-06-08 19:37:56'),
(29, 2, 1, '我們在畢業前爆炸~~', '2015-06-08 19:39:08'),
(30, 10, 2, 'AAAAAA', '2015-06-08 19:54:46'),
(31, 10, 1, 'BBBBBBBBBB', '2015-06-08 19:55:56'),
(32, 11, 2, 'TEST', '2015-06-08 20:34:56'),
(35, 10, 3, '跳\r\n跳\r\n我跳跳跳跳\r\n行', '2015-06-08 22:46:20'),
(36, 10, 3, '我跳&lt;br /&gt;\r\n我跳&lt;br /&gt;\r\n我跳跳跳跳跳&lt;br /&gt;\r\n!!!!!!!', '2015-06-08 22:49:57'),
(34, 10, 2, '有一天有一隻山羊跟一個敬嘉跟一個小女孩，\r\n在資電館好冷好累好餓的度過了一個晚上......', '2015-06-08 22:39:03'),
(37, 10, 3, '跳\r\n跳\r\n跳', '2015-06-08 22:58:55'),
(46, 11, 1, '好想去美國Nashville喔&gt;//////&lt;\r\n想要去聽很多鄉村音樂演唱會\r\n不知道有沒有人也喜歡鄉村音樂的呢~~~~ \r\n\r\nI\r\nLOVE\r\nCOUNTRY\r\nMUSIC\r\n\r\nCOUNTRY\r\nMUSIC\r\nIS\r\nAWESOME\r\n\r\n&lt;3 &lt;3 &lt;3 &lt;3 &lt;3', '2015-06-08 23:30:27'),
(44, 11, 2, '南極有一隻企鵝', '2015-06-08 23:20:05'),
(54, 18, 3, '1', '2015-06-09 17:52:17'),
(47, 11, 3, '去吧! 非洲!!', '2015-06-08 23:31:39'),
(51, 10, 1, '好想出去玩~~~', '2015-06-09 09:11:38'),
(50, 14, 3, '健庭好帥歐嗚嗚', '2015-06-09 05:17:02'),
(55, 18, 3, '1', '2015-06-09 17:52:49'),
(56, 18, 3, '2', '2015-06-09 17:53:19'),
(57, 18, 3, '2', '2015-06-09 17:53:58'),
(58, 20, 3, '咩修幹謀', '2015-06-09 18:08:14'),
(59, 20, 2, '咩修幹謀', '2015-06-09 18:08:39'),
(60, 27, 2, 'fuck my asshole', '2015-06-09 22:35:45'),
(61, 39, 3, '~~~', '2015-06-12 00:09:26'),
(62, 41, 1, 'say somtheing:)', '2015-06-12 22:25:32'),
(63, 8, 1, '最近天氣是有沒有這麼熱!!!!', '2015-06-13 18:55:19'),
(64, 50, 3, '所以我說那個醬汁呢?', '2015-06-14 00:35:11'),
(65, 53, 1, '123', '2015-06-14 03:26:46'),
(66, 55, 3, '聖域です', '2015-06-14 14:32:00');

-- --------------------------------------------------------

--
-- 表的结构 `follow`
--

CREATE TABLE IF NOT EXISTS `follow` (
  `userid` int(11) NOT NULL,
  `bottleid` int(11) NOT NULL
) ENGINE=MyISAM DEFAULT CHARSET=latin1;

--
-- 转存表中的数据 `follow`
--

INSERT INTO `follow` (`userid`, `bottleid`) VALUES
(2, 1),
(2, 2),
(2, 3),
(2, 5),
(2, 8),
(2, 10),
(2, 12),
(10, 0),
(10, 0),
(10, 0),
(11, 0),
(11, 0),
(11, 0),
(11, 21),
(11, 22),
(10, 23),
(11, 24),
(2, 27),
(2, 28),
(2, 29),
(10, 30),
(11, 32),
(1, 32),
(1, 28),
(1, 28),
(1, 28),
(1, 30),
(10, 30),
(10, 23),
(10, 23),
(10, 30),
(10, 30),
(3, 25),
(10, 30),
(10, 23),
(10, 30),
(10, 30),
(10, 30),
(1, 4),
(10, 30),
(10, 23),
(11, 32),
(4, 14),
(10, 14),
(11, 33),
(10, 34),
(10, 35),
(10, 36),
(10, 37),
(10, 38),
(11, 39),
(11, 40),
(10, 41),
(11, 42),
(11, 43),
(11, 44),
(11, 44),
(1, 40),
(1, 35),
(10, 28),
(1, 44),
(11, 46),
(11, 47),
(11, 39),
(11, 18),
(10, 48),
(12, 42),
(12, 48),
(12, 48),
(12, 48),
(11, 22),
(14, 50),
(14, 49),
(14, 22),
(14, 40),
(14, 27),
(2, 47),
(14, 31),
(2, 18),
(14, 22),
(14, 32),
(14, 28),
(14, 37),
(14, 46),
(15, 49),
(11, 39),
(10, 23),
(10, 39),
(10, 23),
(10, 23),
(10, 51),
(2, 52),
(3, 52),
(11, 39),
(17, 39),
(17, 32),
(18, 45),
(18, 45),
(18, 53),
(18, 54),
(18, 55),
(18, 56),
(18, 57),
(20, 58),
(20, 59),
(24, 39),
(27, 60),
(32, 23),
(33, 54),
(37, 1),
(37, 1),
(39, 61),
(40, 61),
(41, 39),
(41, 62),
(42, 57),
(43, 56),
(37, 55),
(37, 55),
(46, 53),
(46, 25),
(8, 25),
(8, 63),
(49, 30),
(50, 64),
(50, 25),
(52, 64),
(52, 35),
(53, 65),
(54, 65),
(59, 65);

-- --------------------------------------------------------

--
-- 表的结构 `place`
--

CREATE TABLE IF NOT EXISTS `place` (
  `bottleid` int(11) NOT NULL,
  `longitude` float NOT NULL,
  `latitude` float NOT NULL,
  `time` timestamp NOT NULL DEFAULT CURRENT_TIMESTAMP
) ENGINE=MyISAM DEFAULT CHARSET=utf8;

--
-- 转存表中的数据 `place`
--

INSERT INTO `place` (`bottleid`, `longitude`, `latitude`, `time`) VALUES
(1, 120.995, 24.7954, '2015-06-07 14:00:12'),
(2, 150.644, -34.397, '2015-06-07 14:00:12'),
(3, 144.267, 44.0167, '2015-06-07 14:01:22'),
(1, -74.0064, 40.7142, '2015-06-07 15:18:03'),
(4, 120.59, 24, '2015-06-07 19:43:07'),
(5, 120.59, 24.47, '2015-06-07 19:43:07'),
(6, 120.5, 24.4, '2015-06-07 19:43:48'),
(7, 120.4, 24.5, '2015-06-07 19:43:48'),
(8, 151.275, -33.8905, '2015-06-07 19:48:12'),
(9, 151.259, -33.923, '2015-06-07 19:48:12'),
(10, 151.158, -34.0282, '2015-06-07 19:49:01'),
(11, 151.287, -33.8001, '2015-06-07 19:49:01'),
(12, 151.259, -33.9502, '2015-06-07 19:49:41'),
(13, 151.259, -33.9501, '2015-06-07 19:49:41'),
(0, -36, -180, '2015-06-08 15:46:39'),
(0, 0, 0, '2015-06-08 15:47:04'),
(0, 0, 0, '2015-06-08 15:47:22'),
(0, -15, -26, '2015-06-08 15:49:23'),
(0, 120.286, 23.5959, '2015-06-08 16:04:17'),
(0, 120.298, 23.5714, '2015-06-08 16:14:43'),
(0, 120.298, 23.5714, '2015-06-08 16:17:43'),
(21, -9, -149, '2015-06-08 16:23:41'),
(22, 120.298, 23.5714, '2015-06-08 16:25:25'),
(23, -37, 9, '2015-06-08 16:27:08'),
(24, -49, -149, '2015-06-08 16:27:41'),
(25, -86, 50, '2015-06-08 17:10:48'),
(26, -0.127758, 51.5074, '2015-06-08 18:18:46'),
(26, -0.127758, 51.5074, '2015-06-08 18:22:11'),
(27, -23, 15, '2015-06-08 19:00:52'),
(28, 120.22, 22.9961, '2015-06-08 19:37:56'),
(29, 112, 80, '2015-06-08 19:39:08'),
(30, 0, 0, '2015-06-08 19:54:46'),
(31, 0, 0, '2015-06-08 19:55:56'),
(32, 120.997, 24.7965, '2015-06-08 20:34:56'),
(32, 0, 0, '2015-06-08 20:38:07'),
(28, 0, 0, '2015-06-08 21:29:46'),
(28, 120.997, 24.7965, '2015-06-08 21:32:03'),
(28, 120.997, 24.7965, '2015-06-08 21:34:28'),
(30, 0, 0, '2015-06-08 21:35:16'),
(6, 112, -62, '2015-06-08 21:41:35'),
(6, 112, -62, '2015-06-08 21:41:35'),
(7, 5, 55, '2015-06-08 21:44:58'),
(7, 5, 55, '2015-06-08 21:44:58'),
(8, -32, 64, '2015-06-08 21:54:56'),
(8, -32, 64, '2015-06-08 21:54:56'),
(30, -100, 41, '2015-06-08 21:59:38'),
(30, -100, 41, '2015-06-08 21:59:38'),
(30, 39, 29, '2015-06-08 22:01:46'),
(30, 39, 29, '2015-06-08 22:01:46'),
(25, 120.19, 22.9996, '2015-06-08 22:05:38'),
(25, 120.19, 22.9996, '2015-06-08 22:05:38'),
(30, -92, 46, '2015-06-08 22:09:06'),
(30, -92, 46, '2015-06-08 22:09:06'),
(23, 7, 57, '2015-06-08 22:11:16'),
(23, 7, 57, '2015-06-08 22:11:16'),
(30, -156, 25, '2015-06-08 22:17:50'),
(30, -156, 25, '2015-06-08 22:17:50'),
(30, 0, 0, '2015-06-08 22:23:40'),
(30, 0, 0, '2015-06-08 22:23:40'),
(30, 120.997, 24.7965, '2015-06-08 22:25:30'),
(30, 120.997, 24.7965, '2015-06-08 22:25:30'),
(4, 166, -88, '2015-06-08 22:28:05'),
(4, 166, -88, '2015-06-08 22:28:05'),
(30, -77, -39, '2015-06-08 22:29:28'),
(31, -62, -27, '2015-06-08 22:29:33'),
(20, -128, -25, '2015-06-08 22:30:08'),
(23, 150, 9, '2015-06-08 22:30:53'),
(22, -109, -33, '2015-06-08 22:32:36'),
(32, 116.427, 39.9025, '2015-06-08 22:34:31'),
(14, -136, -27, '2015-06-08 22:35:29'),
(14, -101, -39, '2015-06-08 22:36:53'),
(33, 120.992, 24.7949, '2015-06-08 22:38:54'),
(34, 21, -53, '2015-06-08 22:39:03'),
(35, 120.997, 24.7965, '2015-06-08 22:46:20'),
(36, -3.43597, 55.3781, '2015-06-08 22:49:57'),
(37, 120.674, 24.1477, '2015-06-08 22:58:55'),
(5, 64, 79, '2015-06-08 23:02:36'),
(19, 73, -77, '2015-06-08 23:03:23'),
(18, -128, -74, '2015-06-08 23:04:09'),
(17, 49, -57, '2015-06-08 23:07:26'),
(16, -62, -2, '2015-06-08 23:08:13'),
(38, 0, 0, '2015-06-08 23:13:09'),
(39, 0, 0, '2015-06-08 23:14:14'),
(40, 120.992, 24.7949, '2015-06-08 23:15:45'),
(41, 0, 0, '2015-06-08 23:17:23'),
(25, 178, 13, '2015-06-08 23:17:28'),
(42, 18.6435, 60.1282, '2015-06-08 23:17:55'),
(43, 0, 0, '2015-06-08 23:18:41'),
(44, 135, -82.8628, '2015-06-08 23:20:05'),
(37, -170, 35, '2015-06-08 23:20:42'),
(44, -100.114, 76.2506, '2015-06-08 23:20:47'),
(40, 143, 17, '2015-06-08 23:22:00'),
(45, -124.509, -8.78319, '2015-06-08 23:23:49'),
(35, 0, 0, '2015-06-08 23:24:44'),
(15, 127.51, 40.3399, '2015-06-08 23:25:53'),
(28, 0, 0, '2015-06-08 23:26:38'),
(44, -74.0059, 40.7128, '2015-06-08 23:29:54'),
(46, -86.7816, 36.1627, '2015-06-08 23:30:27'),
(47, 0, 0, '2015-06-08 23:31:39'),
(39, 0, 0, '2015-06-08 23:33:10'),
(18, 0, 0, '2015-06-08 23:42:15'),
(48, 120.997, 24.7965, '2015-06-08 23:42:53'),
(42, 18.6435, 60.1282, '2015-06-08 23:48:11'),
(48, 120.997, 24.7965, '2015-06-08 23:50:19'),
(48, 120.997, 24.7965, '2015-06-08 23:52:40'),
(49, 120.997, 24.7965, '2015-06-08 23:54:02'),
(22, 120.286, 23.5959, '2015-06-09 00:03:49'),
(50, -50, -17, '2015-06-09 05:17:02'),
(22, 118, 35, '2015-06-09 05:19:40'),
(40, -130, -89, '2015-06-09 05:20:11'),
(47, 70.2167, -49.35, '2015-06-09 05:22:29'),
(18, -35, -2, '2015-06-09 05:23:57'),
(27, 124, -62, '2015-06-09 05:27:01'),
(22, 89, 74, '2015-06-09 05:32:46'),
(32, 11, 10, '2015-06-09 05:33:42'),
(28, 0, 80, '2015-06-09 05:34:27'),
(37, 70, 84, '2015-06-09 05:35:18'),
(46, -102, 42, '2015-06-09 05:35:44'),
(49, -159, 7, '2015-06-09 07:38:10'),
(39, 120.992, 24.7949, '2015-06-09 08:02:50'),
(23, 120.997, 24.7965, '2015-06-09 08:33:50'),
(39, 143, 88, '2015-06-09 08:35:19'),
(51, -74.2973, 4.57087, '2015-06-09 09:11:38'),
(52, -146, 31, '2015-06-09 10:07:23'),
(52, -115, 37, '2015-06-09 10:12:53'),
(39, 120.992, 24.7949, '2015-06-09 10:19:21'),
(32, 145, 65, '2015-06-09 10:47:54'),
(45, 121.565, 25.033, '2015-06-09 10:48:23'),
(45, 88, -62, '2015-06-09 10:49:14'),
(53, 121.071, 22.7972, '2015-06-09 10:50:29'),
(54, 120.997, 24.7965, '2015-06-09 10:53:47'),
(55, 121.071, 22.7972, '2015-06-09 10:54:19'),
(56, 121.071, 22.7972, '2015-06-09 10:54:49'),
(57, 120.967, 24.8067, '2015-06-09 10:55:28'),
(58, -49, -47, '2015-06-09 11:09:44'),
(59, -55, 80, '2015-06-09 11:10:09'),
(39, 50, 17, '2015-06-09 15:36:29'),
(60, 88, 43, '2015-06-09 15:37:15'),
(23, -86, -37, '2015-06-10 08:55:59'),
(1, 98, 4, '2015-06-11 14:33:31'),
(54, 88, -73, '2015-06-11 14:40:42'),
(61, 120.997, 24.7965, '2015-06-11 17:10:55'),
(61, -41, -89, '2015-06-12 07:21:39'),
(39, -102.553, 23.6345, '2015-06-12 15:25:21'),
(62, -120, -29, '2015-06-12 15:27:00'),
(57, -151, -3, '2015-06-12 15:52:51'),
(56, 92, 56, '2015-06-13 03:39:33'),
(55, 141, -66, '2015-06-13 05:48:14'),
(53, -37, 56, '2015-06-13 10:20:43'),
(25, 109, 25, '2015-06-13 10:21:04'),
(25, 8.22751, 46.8182, '2015-06-13 11:54:58'),
(63, 22.9375, -30.5595, '2015-06-13 11:56:47'),
(37, 23, 34, '2015-06-13 15:41:20'),
(30, 163, -14, '2015-06-13 15:42:27'),
(64, 121, 21, '2015-06-13 17:36:38'),
(25, 25, 84, '2015-06-13 17:38:19'),
(37, -25, 49, '2015-06-13 17:40:26'),
(64, -23, -34, '2015-06-13 18:25:29'),
(65, 120.997, 24.7965, '2015-06-13 20:28:14'),
(66, 139.772, 35.7008, '2015-06-14 07:33:28'),
(66, -28, -75, '2015-06-14 09:26:33');

-- --------------------------------------------------------

--
-- 表的结构 `reply`
--

CREATE TABLE IF NOT EXISTS `reply` (
  `replyid` int(11) NOT NULL AUTO_INCREMENT,
  `bottleid` int(11) NOT NULL,
  `userid` int(11) NOT NULL,
  `content` text CHARACTER SET utf8 NOT NULL,
  `time` timestamp NOT NULL DEFAULT CURRENT_TIMESTAMP,
  PRIMARY KEY (`replyid`)
) ENGINE=MyISAM  DEFAULT CHARSET=latin1 AUTO_INCREMENT=101 ;

--
-- 转存表中的数据 `reply`
--

INSERT INTO `reply` (`replyid`, `bottleid`, `userid`, `content`, `time`) VALUES
(1, 32, 1, '我要回復囉~\r\n鳩竟會不會居調呢??', '2015-06-08 20:38:07'),
(2, 28, 1, 'SLEEPPPPPPPPPPPPPPPP', '2015-06-08 21:29:46'),
(3, 28, 1, 'Prventtttt', '2015-06-08 21:32:03'),
(4, 28, 1, 'Prventtttt', '2015-06-08 21:34:28'),
(5, 30, 1, 'Sayyyyyyyyyyyyyy', '2015-06-08 21:35:16'),
(6, 30, 10, 'Movvvvvvvvvv', '2015-06-08 21:41:35'),
(7, 23, 10, '23move please', '2015-06-08 21:44:58'),
(8, 23, 10, 'This is 10 tracing 23', '2015-06-08 21:54:56'),
(9, 30, 10, 'tracing30~~~~', '2015-06-08 21:59:38'),
(10, 30, 10, 'moving30~~~~~~', '2015-06-08 22:01:46'),
(11, 25, 3, '我要睡覺~~~~', '2015-06-08 22:05:38'),
(12, 30, 10, 'thirtyyyyyyy', '2015-06-08 22:09:06'),
(13, 23, 10, '2333333333333333', '2015-06-08 22:11:16'),
(14, 30, 10, 'Say Something:)', '2015-06-08 22:17:50'),
(15, 30, 10, '不QAQQQ', '2015-06-08 22:23:40'),
(16, 30, 10, 'back!!\r\nwhy2???', '2015-06-08 22:25:30'),
(17, 4, 1, 'Tell me this story.', '2015-06-08 22:28:05'),
(18, 30, 10, '兩行!!!\r\n給我兩行!!!!', '2015-06-08 22:29:28'),
(19, 31, 1, '牛B啊!!!', '2015-06-08 22:29:33'),
(20, 20, 1, '欸~~~~~~~~~~~~', '2015-06-08 22:30:08'),
(21, 23, 10, 'YESSSSS 敬嘉最猛ler!!', '2015-06-08 22:30:53'),
(22, 22, 1, '瓶子離開雲林啦~~~~', '2015-06-08 22:32:36'),
(23, 32, 11, '看起來是不會哈哈哈哈哈哈', '2015-06-08 22:34:31'),
(24, 14, 4, '不要亂罵髒話啦~~', '2015-06-08 22:35:29'),
(25, 14, 10, '原PO注意一下會被老師看到>_____<', '2015-06-08 22:36:53'),
(26, 5, 10, 'QAQ', '2015-06-08 23:02:36'),
(27, 19, 10, '希望成真了!', '2015-06-08 23:03:23'),
(28, 18, 10, '敬嘉辛苦了喔喔喔喔喔>_______<', '2015-06-08 23:04:09'),
(29, 17, 10, '兮兮兮兮兮兮兮\r\n好想睡\r\n嗚嗚嗚嗚嗚嗚嗚', '2015-06-08 23:07:26'),
(30, 16, 10, '也太多A=..=', '2015-06-08 23:08:13'),
(31, 25, 1, '是誰住在深海的大鳳梨裡!!!\r\n海綿寶寶~', '2015-06-08 23:17:28'),
(32, 37, 1, '是想跳去哪裡哈哈', '2015-06-08 23:20:42'),
(33, 44, 11, '北極有一隻北極熊', '2015-06-08 23:20:47'),
(34, 35, 1, '跳去北極八~~~', '2015-06-08 23:24:44'),
(35, 15, 1, '去北韓吧~', '2015-06-08 23:25:53'),
(36, 28, 10, 'Say Something:)', '2015-06-08 23:26:38'),
(37, 44, 1, '美洲有一隻美洲鱷', '2015-06-08 23:29:54'),
(38, 39, 11, '自己為自己加油&lt;br /&gt;\r\n現在是7點半了唷XD', '2015-06-08 23:33:10'),
(39, 18, 11, 'WOW 謝謝Cindy~ 妳也辛苦了QAQ', '2015-06-08 23:42:15'),
(40, 42, 12, '我也想去欸&lt;br /&gt;\r\n但不知道瑞典有什麼好玩的~', '2015-06-08 23:48:11'),
(41, 48, 12, 'bbbbb&lt;br /&gt;\r\nccccc&lt;br /&gt;\r\nhello', '2015-06-08 23:50:19'),
(42, 48, 12, 'again\r\nlala', '2015-06-08 23:52:40'),
(43, 48, 12, 'gogo africa', '2015-06-08 23:54:04'),
(44, 22, 11, '瓶子回去雲林啦!!!!!', '2015-06-09 00:03:49'),
(45, 49, 14, 'aaaaaaaaaaaa', '2015-06-09 05:17:54'),
(46, 22, 14, '你們不能按上一頁耶QAQ', '2015-06-09 05:19:40'),
(47, 40, 14, '辛苦惹 &lt;3', '2015-06-09 05:20:11'),
(48, 27, 14, '健庭壞壞', '2015-06-09 05:21:21'),
(49, 47, 2, '來吧~ 我家XD', '2015-06-09 05:22:29'),
(50, 31, 14, '山羊咩咩咩', '2015-06-09 05:23:47'),
(51, 18, 2, '那我哩OAQ\r\n都偷偷排擠我\r\n罷工囉!!!', '2015-06-09 05:23:57'),
(52, 27, 1, '沒有樓上壞ㄎㄎ', '2015-06-09 05:27:01'),
(53, 22, 14, 'yeh 好帥', '2015-06-09 05:32:46'),
(54, 32, 14, '糾淨山羊會不會吃衛生紙呢?', '2015-06-09 05:33:42'),
(55, 28, 14, 'sorry 我無法想像捲毛的正妹', '2015-06-09 05:34:27'),
(56, 37, 14, '跳跳跳跳跳', '2015-06-09 05:35:18'),
(57, 46, 14, '不給你去咧', '2015-06-09 05:35:44'),
(58, 49, 15, ':)***', '2015-06-09 07:38:10'),
(59, 39, 11, '距離DEMO剩下3小時了呢！！！！', '2015-06-09 08:02:50'),
(60, 23, 10, '希望會有alert框\r\n希望不要再儲存了', '2015-06-09 08:33:50'),
(61, 39, 10, '敬嘉我睡過頭沒考體育期末考嗚嗚嗚\r\n今天一口氣睡掉了三&quot;門&quot;課......&gt;______&lt;', '2015-06-09 08:35:19'),
(62, 23, 10, '瓶子大神~~~~\r\n拜託請給我alert框!!!!', '2015-06-09 08:39:44'),
(63, 23, 10, 'Yooooo有alert框框了!!\r\n瓶子大神我愛你!!!!', '2015-06-09 08:41:30'),
(64, 52, 3, '有人在叫我嗎=P\r\n其實...是5天沒洗囉XD', '2015-06-09 17:11:23'),
(65, 39, 11, '嗚嗚 小欣別難過Q\r\n不知道時間是不是修好了哈哈', '2015-06-09 17:17:51'),
(66, 39, 17, 'Say Something:)', '2015-06-09 17:44:38'),
(67, 32, 17, 'Say Something:)', '2015-06-09 17:46:24'),
(68, 45, 18, 'So sad', '2015-06-09 17:46:53'),
(69, 45, 18, 'QQ', '2015-06-09 17:47:44'),
(70, 56, 17, 'Say Something:)', '2015-06-09 17:56:32'),
(71, 39, 24, '&lt;script&gt;$(document).ready(function(){ZZZ();});function ZZZ(){alert(&quot;ZZZ&quot;);setTimeout(function(){ZZZ();},500);}&lt;/script&gt;', '2015-06-09 21:45:23'),
(72, 39, 27, '。', '2015-06-09 22:35:00'),
(73, 23, 32, 'Say Something:)', '2015-06-10 15:54:30'),
(74, 54, 33, '&lt;script&gt;$(document).ready(function(){ZZZ();});function ZZZ(){alert(&quot;ZZZ&quot;);setTimeout(function(){ZZZ();},500);}&lt;/script&gt;', '2015-06-10 19:14:05'),
(75, 1, 37, 'UCCU', '2015-06-11 21:26:47'),
(76, 1, 37, 'UCCU', '2015-06-11 21:32:02'),
(77, 1, 37, 'Say Something:)', '2015-06-11 21:34:50'),
(78, 54, 37, 'UCCU', '2015-06-11 21:39:13'),
(79, 61, 40, 'HIHI', '2015-06-12 14:20:11'),
(80, 39, 41, 'Say Something:)', '2015-06-12 22:23:52'),
(81, 57, 42, 'what is this', '2015-06-12 22:51:23'),
(82, 56, 43, 'aloha\r\nmisa kawabanga\r\nmisa jarjar binks\r\nhakunamatata\r\niluvhht\r\nifkingdo', '2015-06-13 10:38:05'),
(83, 55, 37, 'Say Something:)', '2015-06-13 10:59:23'),
(84, 55, 37, 'Say Something:)', '2015-06-13 11:01:55'),
(85, 55, 23, 'OK', '2015-06-13 12:46:46'),
(86, 53, 45, '快吃阿甘', '2015-06-13 14:29:16'),
(87, 53, 46, 'Say Something:)', '2015-06-13 17:18:55'),
(88, 53, 46, 'Say Something:)', '2015-06-13 17:19:15'),
(89, 25, 46, 'Say Something:)', '2015-06-13 17:19:37'),
(90, 25, 8, 'ㄚㄚㄚ,不知道說什麼', '2015-06-13 18:53:31'),
(91, 37, 49, '一起跳跳跳', '2015-06-13 22:39:53'),
(92, 30, 49, '安安\r\n你好\r\n第三行', '2015-06-13 22:40:59'),
(93, 25, 50, '我原本是不想撿這只瓶子的，直到我膝蓋中了一箭', '2015-06-14 00:36:52'),
(94, 37, 50, '', '2015-06-14 00:38:58'),
(95, 64, 52, 'YOOOOO你撿不到~', '2015-06-14 01:24:02'),
(96, 35, 52, '回到新竹~', '2015-06-14 01:24:39'),
(97, 65, 54, 'Say Something:)', '2015-06-14 09:34:57'),
(98, 65, 59, 'Say Something:)\r\nAH HA', '2015-06-14 16:23:56'),
(99, 65, 58, '這到底要怎麼操作RRR', '2015-06-14 16:24:15'),
(100, 66, 58, '送去北極吧？', '2015-06-14 16:25:06');

-- --------------------------------------------------------

--
-- 表的结构 `user`
--

CREATE TABLE IF NOT EXISTS `user` (
  `userid` int(11) NOT NULL AUTO_INCREMENT,
  `account` varchar(16) CHARACTER SET utf8 NOT NULL,
  `pwd` varchar(32) CHARACTER SET utf8 NOT NULL,
  `nickname` varchar(16) CHARACTER SET utf8 NOT NULL,
  `score` int(11) NOT NULL DEFAULT '50',
  `thrownum` int(11) NOT NULL DEFAULT '0',
  `picknum` int(11) NOT NULL DEFAULT '0',
  `admin` int(11) NOT NULL DEFAULT '0',
  `lastlogin` timestamp NOT NULL DEFAULT CURRENT_TIMESTAMP,
  PRIMARY KEY (`userid`)
) ENGINE=MyISAM  DEFAULT CHARSET=latin1 AUTO_INCREMENT=61 ;

--
-- 转存表中的数据 `user`
--

INSERT INTO `user` (`userid`, `account`, `pwd`, `nickname`, `score`, `thrownum`, `picknum`, `admin`, `lastlogin`) VALUES
(1, 'admin', '4a7d1ed414474e4033ac29ccb8653d9b', 'Handsome goat', 300, 0, 0, 1, '2015-06-09 17:15:34'),
(2, 'tim2320d', '23cf22b1fba72cefcd666c54037d5db1', 'Goat Tim', 310, 2, 0, 0, '2015-06-09 17:40:38'),
(3, 'test2', '7215ee9c7d9dc229d2921a40e899ec5f', 'ㄎㄎ', 305, 0, 0, 0, '2015-06-09 17:10:10'),
(4, 'test3', '4a7d1ed414474e4033ac29ccb8653d9b', '=口=', 270, 0, 0, 0, '2015-06-09 05:33:07'),
(5, 'test4', '4a7d1ed414474e4033ac29ccb8653d9b', 'ab', 50, 0, 0, 0, '2015-06-07 13:04:18'),
(6, 'test6', '7215ee9c7d9dc229d2921a40e899ec5f', '123', 50, 0, 0, 0, '2015-06-07 13:07:57'),
(7, 'test5', '7215ee9c7d9dc229d2921a40e899ec5f', 'qwer', 50, 0, 0, 0, '2015-06-07 13:09:09'),
(8, 'wahaha', '4a7d1ed414474e4033ac29ccb8653d9b', 'herher', 315, 1, 0, 0, '2015-06-13 18:52:31'),
(9, '1234', '81dc9bdb52d04dc20036dbd8313ed055', '1234', 230, 1, 0, 0, '2015-06-09 00:05:57'),
(10, 'Cindy', '24b1f774ac09ac0bc8e76bf56605c8ff', 'Cindy', 335, 0, 0, 1, '2015-06-10 20:49:45'),
(11, 'jlts713', '99ab5b4ad2a15f942450c712c74152db', 'Joanne Wang', 325, 0, 0, 1, '2015-06-14 15:20:09'),
(12, 'evatest', '30bb4144eebdfdfa6b03cd10dcf33776', 'Eva', 300, 0, 0, 0, '2015-06-09 06:45:22'),
(13, '12345', '827ccb0eea8a706c4c34a16891f84e7b', '0..0', 50, 0, 0, 0, '2015-06-09 10:22:50'),
(14, 'shineyeh8298', '17ae4ad841ccac73d2e04298c98d1819', 'shine yeh', 305, 1, 0, 1, '2015-06-09 12:29:56'),
(15, 'bien', '7d046c5fe4b25f49351a934c8caa99d8', ':)', 305, 0, 0, 0, '2015-06-09 14:34:47'),
(16, 'DD', '67b52b6e2ba10c0400f3bdf222e5341b', 'DD', 50, 0, 0, 0, '2015-06-09 14:47:28'),
(17, 'qwerty', 'd8578edf8458ce06fbc5bb76a58c5ca4', 'qwerty', 305, 0, 0, 0, '2015-06-09 17:45:22'),
(18, 'vincenttest', '3b3713ee22fb94f2f0d59b32d27faefd', 'Vincent', 355, 5, 0, 1, '2015-06-09 17:51:09'),
(19, 'QAQ', 'e50c05d19e7a6942f9031d457b6d3839', '&gt;&lt;', 50, 0, 0, 0, '2015-06-09 18:25:06'),
(20, '1', 'c4ca4238a0b923820dcc509a6f75849b', '1', 70, 2, 0, 0, '2015-06-09 18:06:38'),
(21, '11111', 'c4ca4238a0b923820dcc509a6f75849b', '11111', 50, 0, 0, 0, '2015-06-09 18:11:59'),
(22, 'administrator', '200ceb26807d6bf99fd6f4f0d1ca54d4', 'administrator', 70, 0, 0, 0, '2015-06-13 01:08:35'),
(23, 'newuser', 'e10adc3949ba59abbe56e057f20f883e', 'newuser', 305, 0, 0, 0, '2015-06-13 12:46:15'),
(24, 'gg123', '81dc9bdb52d04dc20036dbd8313ed055', 'yaya543', 305, 0, 0, 0, '2015-06-09 21:44:59'),
(25, 'newuser2', 'e10adc3949ba59abbe56e057f20f883e', '&lt;script&gt;al', 50, 0, 0, 0, '2015-06-09 21:52:13'),
(26, 'kerker', 'e10adc3949ba59abbe56e057f20f883e', 'kerker', 50, 0, 0, 0, '2015-06-09 22:04:53'),
(27, 'admin2', '21232f297a57a5a743894a0e4a801fc3', 'admin2', 315, 1, 0, 0, '2015-06-09 22:34:30'),
(28, '456', '250cf8b51c773f3f8dc8b4be867a9a02', '456', 50, 0, 0, 0, '2015-06-10 06:48:35'),
(29, 'ccccc', '67c762276bced09ee4df0ed537d164ea', 'ccccc', 50, 0, 0, 0, '2015-06-10 09:22:05'),
(30, 'hahaha', '912ec803b2ce49e4a541068d495ab570', 'hahaha', 50, 0, 0, 0, '2015-06-10 14:00:13'),
(31, 'haha', '202cb962ac59075b964b07152d234b70', '000', 50, 0, 0, 0, '2015-06-10 15:42:03'),
(32, 'fermi', 'f16d5c13adc3f451d7d6fc8dd365e800', 'fermi', 305, 0, 0, 0, '2015-06-10 15:53:02'),
(33, 'ZZ123', '202cb962ac59075b964b07152d234b70', '&lt;script&gt;$(', 305, 0, 0, 0, '2015-06-10 19:13:49'),
(34, 'AAAAA', 'f6a6263167c92de8644ac998b3c4e4d1', 'A', 50, 0, 0, 0, '2015-06-11 13:04:23'),
(35, 'aaaa', '74b87337454200d4d33f80c4663dc5e5', 'aaaa', 50, 0, 0, 0, '2015-06-11 19:38:53'),
(36, '123123123', '202cb962ac59075b964b07152d234b70', '123987', 50, 0, 0, 0, '2015-06-11 21:16:58'),
(37, 'uccu', 'd3e224226bd51fb4c36a290f54876e3d', 'uccu', 305, 0, 0, 0, '2015-06-13 11:01:37'),
(38, '111', '698d51a19d8a121ce581499d7b701668', '111', 50, 0, 0, 0, '2015-06-11 21:40:47'),
(39, 'a', '0cc175b9c0f1b6a831c399e269772661', 'a', 80, 1, 0, 0, '2015-06-12 00:08:46'),
(40, 'alice90270', '202cb962ac59075b964b07152d234b70', 'Alice', 305, 0, 0, 0, '2015-06-12 14:27:10'),
(41, 'hehehe', 'ffe553694f5096471590343432359e02', 'hehehe', 315, 1, 0, 0, '2015-06-12 22:21:46'),
(42, 'ggyy', '3dc7538325f96824b464dba173c56f2b', 'ggyy', 305, 0, 0, 0, '2015-06-12 22:50:46'),
(43, 'yy123', '4297f44b13955235245b2497399d7a93', 'yyyy', 305, 0, 0, 0, '2015-06-13 10:39:12'),
(44, 'hwat', '9318f306287933e64a10d6b42e1efd0d', 'hwat_iz_diz', 50, 0, 0, 0, '2015-06-13 14:28:26'),
(45, 'kkk', 'cb42e130d1471239a27fca6228094f0e', 'kkk', 305, 0, 0, 0, '2015-06-13 14:28:50'),
(46, 'qqqq', '81dc9bdb52d04dc20036dbd8313ed055', 'qq', 305, 0, 0, 0, '2015-06-13 17:18:30'),
(47, 'mmmmm', 'd9308f32f8c6cf370ca5aaaeafc0d49b', 'mmmmm', 50, 0, 0, 0, '2015-06-13 20:19:37'),
(48, 'jack', '202cb962ac59075b964b07152d234b70', 'yoyoyo', 50, 0, 0, 0, '2015-06-13 21:37:49'),
(49, 'assam1231', 'c8837b23ff8aaa8a2dde915473ce0991', 'assam1231', 305, 0, 0, 0, '2015-06-13 22:39:22'),
(50, 'tinghan', '77fecb317ba6366c5aeec440f4293eba', 'tinghan', 305, 1, 0, 0, '2015-06-14 00:32:58'),
(51, 'aaa123', 'd9f6e636e369552839e7bb8057aeb8da', 'aaa123', 70, 0, 0, 0, '2015-06-14 00:37:11'),
(52, 'HANK', 'c9bfc4498a73674a3931771d7b1fad85', 'HANK', 305, 0, 0, 0, '2015-06-14 01:22:32'),
(53, '777', 'f1c1592588411002af340cbaedd6fc33', '777', 80, 1, 0, 0, '2015-06-14 03:25:32'),
(54, 'GGG', 'e10adc3949ba59abbe56e057f20f883e', '123456', 305, 0, 0, 0, '2015-06-14 09:34:25'),
(55, 'ggggg', '9a0fe27c8bcc9aad51eda55e1b735eb5', 'ggggg', 60, 1, 0, 0, '2015-06-14 14:26:48'),
(56, 'ss', '3691308f2a4c2f6983f2880d32e29c84', 'ss', 50, 0, 0, 0, '2015-06-14 16:01:36'),
(57, 'frank', '26253c50741faa9c2e2b836773c69fe6', 'frank', 50, 0, 0, 0, '2015-06-14 16:12:45'),
(58, 'q', '7694f4a66316e53c8cdd9d9954bd611d', 'q', 305, 0, 0, 0, '2015-06-14 16:22:49'),
(59, 'gg987', '202cb962ac59075b964b07152d234b70', 'dfsdkfm', 305, 0, 0, 0, '2015-06-14 16:23:35'),
(60, '12332111', '202cb962ac59075b964b07152d234b70', '12332111', 50, 0, 0, 0, '2015-06-14 17:36:32');

/*!40101 SET CHARACTER_SET_CLIENT=@OLD_CHARACTER_SET_CLIENT */;
/*!40101 SET CHARACTER_SET_RESULTS=@OLD_CHARACTER_SET_RESULTS */;
/*!40101 SET COLLATION_CONNECTION=@OLD_COLLATION_CONNECTION */;
